name,image,id
Alva Baptiste,http://www.govt.lc/media.govt.lc/www/employees/photos/AlvaJnBaptiste.jpg,alva-baptiste
Alvina Reynolds,http://www.govt.lc/media.govt.lc/www/employees/photos/AlvinaReynolds.jpg,alvina-reynolds
Arsene James,http://www.govt.lc/media.govt.lc/www/employees/photos/arsenejames.jpg,arsene-james
Dr. Desmond Long,http://www.govt.lc/media.govt.lc/www/employees/photos/desmondlong.jpg,dr.-desmond-long
Dr. Gale Rigobert,http://www.govt.lc/media.govt.lc/www/employees/photos/galerigobert.jpg,dr.-gale-rigobert
Dr. Kenny D. Anthony,http://www.govt.lc/media.govt.lc/www/employees/photos/Prime-Minister-Dr.-Kenny-Anthony.jpg,dr.-kenny-d.-anthony
Dr. Robert Lewis,http://www.govt.lc/media.govt.lc/www/employees/photos/RobertLewis.jpg,dr.-robert-lewis
Edmund Estephane,http://www.govt.lc/media.govt.lc/www/employees/photos/edmundestephane.jpg,edmund-estephane
Emma Hippolyte,http://www.govt.lc/media.govt.lc/www/employees/photos/EmmaHippolyte.jpg,emma-hippolyte
Guy Eardly Joseph,http://www.govt.lc/media.govt.lc/www/employees/photos/guyjoseph.jpg,guy-eardly-joseph
Harold Dalson,http://www.govt.lc/media.govt.lc/www/employees/photos/HaroldDalson.jpg,harold-dalson
Lorne Theophilus,http://www.govt.lc/media.govt.lc/www/employees/photos/LorneTheophilus.jpg,lorne-theophilus
Moses Jn Baptiste,http://www.govt.lc/media.govt.lc/www/employees/photos/MosesJnBaptiste.jpg,moses-jn-baptiste
Peter Foster,http://www.govt.lc/media.govt.lc/www/employees/photos/peterfoster.jpg,peter-foster
Philip J Pierre,http://www.govt.lc/media.govt.lc/www/employees/photos/PhillipJPierre.jpg,philip-j-pierre
Richard Frederick,http://www.govt.lc/media.govt.lc/www/employees/photos/richardfrederick.jpg,richard-frederick
Shawn Edward,http://www.govt.lc/media.govt.lc/www/employees/photos/ShawnEdward0.jpg,shawn-edward
Stephenson King,http://www.govt.lc/media.govt.lc/www/employees/photos/stephensonking.jpg,stephenson-king
