name,twitter,area,source,id
Alexandrine Latendresse,@ALatendresseNPD,Louis-Saint-Laurent,http://politwitter.ca/user/ALatendresseNPD,@ALatendresseNPD
Harold Albrecht,@Albrecht4KitCon,Kitchener—Conestog,http://politwitter.ca/user/Albrecht4KitCon,@Albrecht4KitCon
Alice Wong,@AliceWongCanada,Richmond,http://politwitter.ca/user/AliceWongCanada,@AliceWongCanada
Andrew Saxton,@AndrewSaxton1,North Vancouver,http://politwitter.ca/user/AndrewSaxton1,@AndrewSaxton1
Anne Minh Thu Quach,@AnneMTQuach,Beauharnois—Salabe,http://politwitter.ca/user/AnneMTQuach,@AnneMTQuach
Anne-Marie Day,@AnneMarieDay,Charlesbourg—Haute,http://politwitter.ca/user/AnneMarieDay,@AnneMarieDay
Annick Papillon,@AnnickPapillon,Québec,http://politwitter.ca/user/AnnickPapillon,@AnnickPapillon
Scott Armstrong,@Armstrong_MP,Cumberland—Colches,http://politwitter.ca/user/Armstrong_MP,@Armstrong_MP
Baljit Gosal,@BalGosal,Bramalea—Gore—Ma,http://politwitter.ca/user/BalGosal,@BalGosal
Barry Devolin,@BarryDevolin_MP,Haliburton—Kawarth,http://politwitter.ca/user/BarryDevolin_MP,@BarryDevolin_MP
Bev Shipley,@BevShipleyMP,Lambton—Kent—Mid,http://politwitter.ca/user/BevShipleyMP,@BevShipleyMP
Blake Richards,@BlakeRichardsMP,Taschereau,http://politwitter.ca/user/BlakeRichardsMP,@BlakeRichardsMP
Robert Dechert,@BobDechert,Mississauga—Erinda,http://politwitter.ca/user/BobDechert,@BobDechert
Brad Butt,@BradButtMP,Mississauga—Street,http://politwitter.ca/user/BradButtMP,@BradButtMP
Brad Trost,@BradTrostCPC,Saskatoon—Humboldt,http://politwitter.ca/user/BradTrostCPC,@BradTrostCPC
Brian Masse,@BrianMasseMP,Option Nationale,http://politwitter.ca/user/BrianMasseMP,@BrianMasseMP
Brian Storseth,@BrianStorseth,Westlock—St. Paul,http://politwitter.ca/user/BrianStorseth,@BrianStorseth
BRYAN HAYES,@BryanHayesCPC,Sault Ste. Marie,http://politwitter.ca/user/BryanHayesCPC,@BryanHayesCPC
Candice Hoeppner,@CHoeppnerMP,Portage—Lisgar,http://politwitter.ca/user/CHoeppnerMP,@CHoeppnerMP
Gail Shea,@CPCGailShea,Egmont,http://politwitter.ca/user/CPCGailShea,@CPCGailShea
Carol Hughes,@CarolHughesMP,AlgomaManitoulin,http://politwitter.ca/user/CarolHughesMP,@CarolHughesMP
Carolyn Bennett,@Carolyn_Bennett,St. Paul's,http://politwitter.ca/user/Carolyn_Bennett,@Carolyn_Bennett
Andrew Cash,@Cash4TO,Davenport,http://politwitter.ca/user/Cash4TO,@Cash4TO
Cathy McLeod,@Cathy_McLeod,KamloopsThompson,http://politwitter.ca/user/Cathy_McLeod,@Cathy_McLeod
Charlie Angus,@CharlieAngusMP,Timmins—James Bay,http://politwitter.ca/user/CharlieAngusMP,@CharlieAngusMP
Claude Gravelle,@ClaudeGravelle,Nickel Belt,http://politwitter.ca/user/ClaudeGravelle,@ClaudeGravelle
Colin Carrie,@ColinCarrie,Oshawa,http://politwitter.ca/user/ColinCarrie,@ColinCarrie
Costas Menegakis,@CostasMenegakis,"Richmond Hill, ON",http://politwitter.ca/user/CostasMenegakis,@CostasMenegakis
Craig Scott,@CraigScottNDP,Toronto—Danforth,http://politwitter.ca/user/CraigScottNDP,@CraigScottNDP
Joan Crockatt,@Crockatteer,Calgary Centre,http://politwitter.ca/user/Crockatteer,@Crockatteer
Djaouida Sellah,@DSellahNPD,Saint-Bruno—Saint-,http://politwitter.ca/user/DSellahNPD,@DSellahNPD
Dan Albas,@DanAlbas,Okanagan—Coquihall,http://politwitter.ca/user/DanAlbas,@DanAlbas
David Anderson,@DavidAndersonSK,Cypress Hills—Gras,http://politwitter.ca/user/DavidAndersonSK,@DavidAndersonSK
David McGuinty,@DavidMcGuinty,Ottawa South,http://politwitter.ca/user/DavidMcGuinty,@DavidMcGuinty
David Sweet,@DavidSweetMP,Ancaster—Dundas—,http://politwitter.ca/user/DavidSweetMP,@DavidSweetMP
Dean Allison,@DeanAllisonMP,Niagara West—Glanb,http://politwitter.ca/user/DeanAllisonMP,@DeanAllisonMP
Denis Blanchette,@DenisBlanchette,Louis-Hébert,http://politwitter.ca/user/DenisBlanchette,@DenisBlanchette
Denis Coderre,@DenisCoderre,Laval-des-Rapides,http://politwitter.ca/user/DenisCoderre,@DenisCoderre
Pierre Dionne Labelle,@DionneLabelleMP,Rivière-du-Nord,http://politwitter.ca/user/DionneLabelleMP,@DionneLabelleMP
Don Davies,@DonDavies,Taschereau,http://politwitter.ca/user/DonDavies,@DonDavies
Ed Holder,@EdHolder_MP,London West,http://politwitter.ca/user/EdHolder_MP,@EdHolder_MP
Brian Jean,@Elect_BrianJean,Fort McMurray—Atha,http://politwitter.ca/user/Elect_BrianJean,@Elect_BrianJean
Elizabeth May,@ElizabethMay,Saanich—Gulf Islan,http://politwitter.ca/user/ElizabethMay,@ElizabethMay
Francois Choquette,@F_Choquette,Drummond,http://politwitter.ca/user/F_Choquette,@F_Choquette
François Lapointe,@F_Lapointe,MontmagnyL'Islet,http://politwitter.ca/user/F_Lapointe,@F_Lapointe
Fin Donnelly,@FinDonnelly,New Westminster—Co,http://politwitter.ca/user/FinDonnelly,@FinDonnelly
Gary Schellenberger,@GSchellenberger,Perth—Wellington,http://politwitter.ca/user/GSchellenberger,@GSchellenberger
Royal Galipeau,@GalipeauOrleans,Alma-Lac-St-Jean,http://politwitter.ca/user/GalipeauOrleans,@GalipeauOrleans
Jonathan Genest-Jourdain,@GenestJourdain,Manicouagan,http://politwitter.ca/user/GenestJourdain,@GenestJourdain
Gerald Keddy,@GeraldKeddy,South Shore—St. Ma,http://politwitter.ca/user/GeraldKeddy,@GeraldKeddy
Gerry Byrne,@Gerry_Byrne,HumberSt. Barbe,http://politwitter.ca/user/Gerry_Byrne,@Gerry_Byrne
Guy Caron,@GuyCaronNPD,Rimouski-Neigette—,http://politwitter.ca/user/GuyCaronNPD,@GuyCaronNPD
Hélène Laverdière,@HLaverdiere2,Laurier—Sainte-Mar,http://politwitter.ca/user/HLaverdiere2,@HLaverdiere2
Hedy Fry,@HedyFry,Vancouver Centre,http://politwitter.ca/user/HedyFry,@HedyFry
Hélène LeBlanc,@HeleneLeBlanc,LaSalle—Émard,http://politwitter.ca/user/HeleneLeBlanc,@HeleneLeBlanc
Russ Hiebert,@HiebertRuss,South Surrey—White,http://politwitter.ca/user/HiebertRuss,@HiebertRuss
Ed Fast,@HonEdFast,Abbotsford,http://politwitter.ca/user/HonEdFast,@HonEdFast
Isabelle Morin,@IsabelleMorinMP,Notre-Dame-de-Grâce,http://politwitter.ca/user/IsabelleMorinMP,@IsabelleMorinMP
Jason,@JJLibertarian,Newmarket—Aurora,http://politwitter.ca/user/JJLibertarian,@JJLibertarian
Jamie Nicholls,@JPNichollsNPD,Vaudreuil-Soulanges,http://politwitter.ca/user/JPNichollsNPD,@JPNichollsNPD
Jack Harris,@JackHarrisNDP,St. John's East,http://politwitter.ca/user/JackHarrisNDP,@JackHarrisNDP
Jacques Gourde,@JacquesGourde,Lotbinière—Chutes,http://politwitter.ca/user/JacquesGourde,@JacquesGourde
James Moore,@JamesMoore_org,Port Moody—Westwoo,http://politwitter.ca/user/JamesMoore_org,@JamesMoore_org
James Rajotte,@JamesRajotte,Edmonton—Leduc,http://politwitter.ca/user/JamesRajotte,@JamesRajotte
Jay Aspin,@JayAspin,Nipissing—Timiskam,http://politwitter.ca/user/JayAspin,@JayAspin
Jean Crowder,@JeanCrowder,Nanaimo—Cowichan,http://politwitter.ca/user/JeanCrowder,@JeanCrowder
Jim Flaherty,@JimFlaherty,Whitby—Oshawa,http://politwitter.ca/user/JimFlaherty,@JimFlaherty
Joe Preston,@Joe_Preston,Elgin—Middlesex—,http://politwitter.ca/user/Joe_Preston,@Joe_Preston
John Carmichael,@JohnBCarmichael,Don Valley West,http://politwitter.ca/user/JohnBCarmichael,@JohnBCarmichael
John Baird,@JohnBairdOWN,Ottawa West—Nepean,http://politwitter.ca/user/JohnBairdOWN,@JohnBairdOWN
John Duncan,@JohnDuncanMP,Vancouver Island Nor,http://politwitter.ca/user/JohnDuncanMP,@JohnDuncanMP
John McCallum,@JohnMcCallumMP,Markham—Unionville,http://politwitter.ca/user/JohnMcCallumMP,@JohnMcCallumMP
John Mckay,@JohnMcKayLib,Saint-Hyacinthe—Ba,http://politwitter.ca/user/JohnMcKayLib,@JohnMcKayLib
John Rafferty,@JohnRaffertyMP,Thunder Bay—Rainy ,http://politwitter.ca/user/JohnRaffertyMP,@JohnRaffertyMP
Jonathan Tremblay,@Jonathan_tremb,Montmorency—Charle,http://politwitter.ca/user/Jonathan_tremb,@Jonathan_tremb
Joyce Bateman,@Joyce_Bateman,Winnipeg South,http://politwitter.ca/user/Joyce_Bateman,@Joyce_Bateman
Judy Foote,@JudyFoote,Random—Burin—St.,http://politwitter.ca/user/JudyFoote,@JudyFoote
Judy Sgro,@JudySgro,York West,http://politwitter.ca/user/JudySgro,@JudySgro
Julian Fantino,@JulianFantino,Vaughan,http://politwitter.ca/user/JulianFantino,@JulianFantino
Justin Trudeau,@JustinTrudeau,Papineau,http://politwitter.ca/user/JustinTrudeau,@JustinTrudeau
Kerry-Lynne Findlay,@KLDF2011,Delta—Richmond Eas,http://politwitter.ca/user/KLDF2011,@KLDF2011
Keith Ashfield,@KeithAshfield11,Fredericton,http://politwitter.ca/user/KeithAshfield11,@KeithAshfield11
Kellie Leitch,@KellieLeitch,Simcoe—Grey,http://politwitter.ca/user/KellieLeitch,@KellieLeitch
Kelly Block,@KellyBlockcpc,Nunavut,http://politwitter.ca/user/KellyBlockcpc,@KellyBlockcpc
Peter Kent,@KentThornhillMP,Thornhill,http://politwitter.ca/user/KentThornhillMP,@KentThornhillMP
Kevin Lamoureux,@Kevin_Lamoureux,Winnipeg North,http://politwitter.ca/user/Kevin_Lamoureux,@Kevin_Lamoureux
Kirsty Duncan,@KirstyDuncanMP,Etobicoke North,http://politwitter.ca/user/KirstyDuncanMP,@KirstyDuncanMP
Kyle Seeback,@KyleSeeback,Brampton West,http://politwitter.ca/user/KyleSeeback,@KyleSeeback
LaVar Payne,@LaVarMP,Medicine Hat,http://politwitter.ca/user/LaVarMP,@LaVarMP
Jean-François Larose,@LaroseJF,Repentigny,http://politwitter.ca/user/LaroseJF,@LaroseJF
Libby Davies,@LibbyDavies,Vancouver East,http://politwitter.ca/user/LibbyDavies,@LibbyDavies
Linda Duncan,@LindaDuncanMP,Edmonton—Strathcon,http://politwitter.ca/user/LindaDuncanMP,@LindaDuncanMP
Lynne Yelich,@Lynne_Yelich,Blackstrap,http://politwitter.ca/user/Lynne_Yelich,@Lynne_Yelich
Marie-Claude Morin,@MC_Morin_NPD,Saint-Hyacinthe—Ba,http://politwitter.ca/user/MC_Morin_NPD,@MC_Morin_NPD
Greg Kerr,@MPGregKerr,West Nova,http://politwitter.ca/user/MPGregKerr,@MPGregKerr
Joy Smith,@MPJoySmith,Kildonan—St. Paul,http://politwitter.ca/user/MPJoySmith,@MPJoySmith
Peter Julian,@MPJulian,Beloeil-Chambly,http://politwitter.ca/user/MPJulian,@MPJulian
Laurie Hawn,@MPLaurieHawn,Edmonton Centre,http://politwitter.ca/user/MPLaurieHawn,@MPLaurieHawn
Nina Grewal,@MPNinaGrewal,Fleetwood—Port Kel,http://politwitter.ca/user/MPNinaGrewal,@MPNinaGrewal
Manon Perreault,@MPerreaultNPD,Montcalm,http://politwitter.ca/user/MPerreaultNPD,@MPerreaultNPD
Mark Warawa,@MPmarkwarawa,Langley,http://politwitter.ca/user/MPmarkwarawa,@MPmarkwarawa
Peter MacKay,@MacKayCPC,Central Nova,http://politwitter.ca/user/MacKayCPC,@MacKayCPC
Malcolm Allen,@Malcolm_AllenMP,Welland,http://politwitter.ca/user/Malcolm_AllenMP,@Malcolm_AllenMP
Marc Garneau,@MarcGarneau,Westmount—Ville-Ma,http://politwitter.ca/user/MarcGarneau,@MarcGarneau
Marjolaine Boutin-Sweet,@MarjBoutinSweet,Hochelaga,http://politwitter.ca/user/MarjBoutinSweet,@MarjBoutinSweet
Mark Adler,@MarkAdlerMP,York Centre,http://politwitter.ca/user/MarkAdlerMP,@MarkAdlerMP
Mark Eyking,@MarkEyking_MP,Sydney—Victoria,http://politwitter.ca/user/MarkEyking_MP,@MarkEyking_MP
Mathieu Ravignat,@MathieuRavignat,Pontiac,http://politwitter.ca/user/MathieuRavignat,@MathieuRavignat
Matthew Dubé,@MattDube,Chambly—Borduas,http://politwitter.ca/user/MattDube,@MattDube
Matthew Kellway,@MatthewKellway,Beaches—East York,http://politwitter.ca/user/MatthewKellway,@MatthewKellway
Maxime Bernier,@MaximeBernier,Beauce,http://politwitter.ca/user/MaximeBernier,@MaximeBernier
Megan Leslie,@MeganLeslieMP,Halifax,http://politwitter.ca/user/MeganLeslieMP,@MeganLeslieMP
Michelle Rempel,@MichelleRempel,Calgary Centre-North,http://politwitter.ca/user/MichelleRempel,@MichelleRempel
Mike Lake,@MikeLakeMP,Edmonton—Mill Wood,http://politwitter.ca/user/MikeLakeMP,@MikeLakeMP
Mike Sullivan,@MikeSullivanMP,York South—Weston,http://politwitter.ca/user/MikeSullivanMP,@MikeSullivanMP
Mike Wallace,@MikeWallaceMP,Burlington,http://politwitter.ca/user/MikeWallaceMP,@MikeWallaceMP
Rona Ambrose,@MinRonaAmbrose,Edmonton—Spruce Gr,http://politwitter.ca/user/MinRonaAmbrose,@MinRonaAmbrose
Steven Blaney,@MinStevenBlaney,Lévis—Bellechasse,http://politwitter.ca/user/MinStevenBlaney,@MinStevenBlaney
Tim Uppal,@MinTimUppal,Edmonton—Sherwood ,http://politwitter.ca/user/MinTimUppal,@MinTimUppal
Bernard Valcourt,@Min_BValcourt,Madawaska—Restigou,http://politwitter.ca/user/Min_BValcourt,@Min_BValcourt
Christine Moore,@MooreNpd,Abitibi—Témiscami,http://politwitter.ca/user/MooreNpd,@MooreNpd
Massimo Pacetti,@MountainManMP,Saint-Léonard—Sai,http://politwitter.ca/user/MountainManMP,@MountainManMP
Murray Rankin,@MurrayRankin,Victoria,http://politwitter.ca/user/MurrayRankin,@MurrayRankin
Mylène Freeman,@MyleneFreeman,Argenteuil—Papinea,http://politwitter.ca/user/MyleneFreeman,@MyleneFreeman
Devinder Shory,@NortheastShory,Calgary Northeast,http://politwitter.ca/user/NortheastShory,@NortheastShory
Pierre Jacob,@PJacobNPD,Brome—Missisquoi,http://politwitter.ca/user/PJacobNPD,@PJacobNPD
Pierre-Luc Dusseault,@PLDusseault,Sherbrooke,http://politwitter.ca/user/PLDusseault,@PLDusseault
Parm Gill,@ParmGill,Brampton—Springdal,http://politwitter.ca/user/ParmGill,@ParmGill
Pat Martin,@PatMartinMP,Winnipeg Centre,http://politwitter.ca/user/PatMartinMP,@PatMartinMP
Paul Calandra,@PaulCalandra,Oak Ridges—Markham,http://politwitter.ca/user/PaulCalandra,@PaulCalandra
Paul Dewar,@PaulDewar,Frontenac,http://politwitter.ca/user/PaulDewar,@PaulDewar
Peggy Nash,@PeggyNashNDP,Parkdale—High Park,http://politwitter.ca/user/PeggyNashNDP,@PeggyNashNDP
Peter Goldring,@PeterGoldring,Edmonton East,http://politwitter.ca/user/PeterGoldring,@PeterGoldring
Peter Penashue,@PeterPenashue,Labrador,http://politwitter.ca/user/PeterPenashue,@PeterPenashue
Peter Stoffer,@PeterStofferMP,Sackville—Eastern ,http://politwitter.ca/user/PeterStofferMP,@PeterStofferMP
Phil McColeman,@Phil4Brant,Brant,http://politwitter.ca/user/Phil4Brant,@Phil4Brant
Pierre Poilievre,@PierrePoilievre,Nepean—Carleton,http://politwitter.ca/user/PierrePoilievre,@PierrePoilievre
Raymond Côté,@RCoteBL2011,Beauport—Limoilou,http://politwitter.ca/user/RCoteBL2011,@RCoteBL2011
Ruth Ellen Brosseau,@RE_Brosseau,Berthier—Maskinong,http://politwitter.ca/user/RE_Brosseau,@RE_Brosseau
Ralph Goodale,@RalphGoodale,Wascana,http://politwitter.ca/user/RalphGoodale,@RalphGoodale
Randy Hoback,@RandyHobackMP,Prince Albert,http://politwitter.ca/user/RandyHobackMP,@RandyHobackMP
Randy Kamp,@RandyKampMP,Pitt Meadows—Maple,http://politwitter.ca/user/RandyKampMP,@RandyKampMP
Rathika Sitsabaiesan,@RathikaS,Scarborough—Rouge ,http://politwitter.ca/user/RathikaS,@RathikaS
Ray Boughen,@RayBoughenMP,Palliser,http://politwitter.ca/user/RayBoughenMP,@RayBoughenMP
Richard Hosein,@RichardIHosein,Fleetwood—Port Kel,http://politwitter.ca/user/RichardIHosein,@RichardIHosein
Rick Dykstra,@RickDykstra,La Prairie,http://politwitter.ca/user/RickDykstra,@RickDykstra
Rick Norlock,@RickNorlock,Northumberland—Qui,http://politwitter.ca/user/RickNorlock,@RickNorlock
Rob Clarke,@RobClarkeMP,Desnethé—Missinip,http://politwitter.ca/user/RobClarkeMP,@RobClarkeMP
Rob Merrifield,@RobMerrifieldMP,Yellowhead,http://politwitter.ca/user/RobMerrifieldMP,@RobMerrifieldMP
Rob Moore,@RobMoore_CPC,Fundy Royal,http://politwitter.ca/user/RobMoore_CPC,@RobMoore_CPC
Rob Nicholson,@RobNicholsonCPC,Niagara Falls,http://politwitter.ca/user/RobNicholsonCPC,@RobNicholsonCPC
Robert Aubin,@RobertAubinNPD,Trois-Rivières,http://politwitter.ca/user/RobertAubinNPD,@RobertAubinNPD
Robert Chisholm,@RobertNDP,Dartmouth—Cole Har,http://politwitter.ca/user/RobertNDP,@RobertNDP
Robert Sopuck,@RobertSopuck,"",http://politwitter.ca/user/RobertSopuck,@RobertSopuck
Rodger Cuzner,@RodgerCuzner,Cape Breton—Canso,http://politwitter.ca/user/RodgerCuzner,@RodgerCuzner
Romeo Saganash,@RomeoSaganash,Abitibi—Baie-James,http://politwitter.ca/user/RomeoSaganash,@RomeoSaganash
Ron Cannan,@RonCannan,Kelowna—Lake Count,http://politwitter.ca/user/RonCannan,@RonCannan
Rosane Doré Lefebvre,@RosaneDL,Alfred-Pellan,http://politwitter.ca/user/RosaneDL,@RosaneDL
Sana Hassainia,@SanaNPD,Verchères—Les Pat,http://politwitter.ca/user/SanaNPD,@SanaNPD
Francis Scarpaleggia,@ScarpaleggiaMP,Lac-Saint-Louis,http://politwitter.ca/user/ScarpaleggiaMP,@ScarpaleggiaMP
Scott Andrews,@ScottAndrewsMP,Avalon,http://politwitter.ca/user/ScottAndrewsMP,@ScottAndrewsMP
Scott Reid,@ScottReidCPC,LanarkFrontenac,http://politwitter.ca/user/ScottReidCPC,@ScottReidCPC
Scott Simms,@Scott_Simms,BonavistaGander,http://politwitter.ca/user/Scott_Simms,@Scott_Simms
Shelly Glover,@ShellyGloverMIN,Saint Boniface,http://politwitter.ca/user/ShellyGloverMIN,@ShellyGloverMIN
Stella Ambler,@StellaAmbler,Mississauga South,http://politwitter.ca/user/StellaAmbler,@StellaAmbler
Susan Truppe,@SusanTruppe,London North Centre,http://politwitter.ca/user/SusanTruppe,@SusanTruppe
Tarik Brahmi,@TarikBrahmi,Saint-Jean,http://politwitter.ca/user/TarikBrahmi,@TarikBrahmi
Ted Menzies,@TedMenzies,Macleod,http://politwitter.ca/user/TedMenzies,@TedMenzies
Ted Opitz,@TedOpitz,Etobicoke Centre,http://politwitter.ca/user/TedOpitz,@TedOpitz
Terence Young,@TerenceYoungMP,Oakville,http://politwitter.ca/user/TerenceYoungMP,@TerenceYoungMP
Thomas Mulcair,@ThomasMulcair,Outremont,http://politwitter.ca/user/ThomasMulcair,@ThomasMulcair
Tom Lukiwski,@TomLukiwski,Regina—Lumsden—L,http://politwitter.ca/user/TomLukiwski,@TomLukiwski
Tony Clement,@TonyclementCPC,Parry Sound—Muskok,http://politwitter.ca/user/TonyclementCPC,@TonyclementCPC
Wayne Marston,@WMarstonNDP,Hamilton East—Ston,http://politwitter.ca/user/WMarstonNDP,@WMarstonNDP
Wai Young,@WaiYoung,Vancouver South,http://politwitter.ca/user/WaiYoung,@WaiYoung
Wayne Easter,@WayneEaster,Malpeque,http://politwitter.ca/user/WayneEaster,@WayneEaster
Stephen Woodworth,@WoodworthMP,Kitchener Centre,http://politwitter.ca/user/WoodworthMP,@WoodworthMP
Yvonne Jones,@YvonneJJones,Labrador,http://politwitter.ca/user/YvonneJJones,@YvonneJJones
Alexandre Boulerice,@alexboulerice,Rosemont—La Petite,http://politwitter.ca/user/alexboulerice,@alexboulerice
Andrew Scheer,@andrewscheer,Regina—Qu'Appelle,http://politwitter.ca/user/andrewscheer,@andrewscheer
Blaine Calkins,@blainecalkinsmp,Wetaskiwin,http://politwitter.ca/user/blainecalkinsmp,@blainecalkinsmp
Bob Zimmer,@bobzimmermp,Prince George—Peac,http://politwitter.ca/user/bobzimmermp,@bobzimmermp
Brent Rathgeber,@brentrathgeber,Edmonton—St. Alber,http://politwitter.ca/user/brentrathgeber,@brentrathgeber
Patrick Brown,@brownbarrie,Okanagan—Coquihall,http://politwitter.ca/user/brownbarrie,@brownbarrie
Bruce Stanton,@bruce_stanton,Simcoe North,http://politwitter.ca/user/bruce_stanton,@bruce_stanton
Bruce Hyer,@brucehyer,Thunder Bay—Superi,http://politwitter.ca/user/brucehyer,@brucehyer
Bernard Trottier,@btrottier,Etobicoke—Lakeshor,http://politwitter.ca/user/btrottier,@btrottier
Chris Alexander,@calxandr,Ajax—Pickering,http://politwitter.ca/user/calxandr,@calxandr
Corneliu Chisu,@cchisu,Pickering—Scarboro,http://politwitter.ca/user/cchisu,@cchisu
Cheryl Gallant,@cherylgallant,RenfrewNipissing,http://politwitter.ca/user/cherylgallant,@cherylgallant
Chris Charlton,@chrischarltonmp,Hamilton Mountain,http://politwitter.ca/user/chrischarltonmp,@chrischarltonmp
Christian Paradis,@christianparad,Mégantic—L'Érabl,http://politwitter.ca/user/christianparad,@christianparad
Chris Warkentin,@chriswarkentin,Peace River,http://politwitter.ca/user/chriswarkentin,@chriswarkentin
Claude Patry,@claude_patry,Jonquière—Alma,http://politwitter.ca/user/claude_patry,@claude_patry
Ryan Cleary,@clearyndp,St. John's South—M,http://politwitter.ca/user/clearyndp,@clearyndp
Dan Harris,@danharrisndp,Scarborough Southwes,http://politwitter.ca/user/danharrisndp,@danharrisndp
Daryl Kramp,@darylkramp,Prince Edward—Hast,http://politwitter.ca/user/darylkramp,@darylkramp
David Tilson,@davidtilson,Dufferin—Caledon,http://politwitter.ca/user/davidtilson,@davidtilson
Deepak Obhrai,@deepakobhrai,Calgary East,http://politwitter.ca/user/deepakobhrai,@deepakobhrai
Denise Savoie,@denisesavoie,Nicolet-Yamaska,http://politwitter.ca/user/denisesavoie,@denisesavoie
Diane Ablonczy,@dianeablonczymp,Calgary—Nose Hill,http://politwitter.ca/user/dianeablonczymp,@dianeablonczymp
Dany Morin,@drdanymorin,Chicoutimi—Le Fjor,http://politwitter.ca/user/drdanymorin,@drdanymorin
Earl Dreeshen,@earl_dreeshen,Red Deer,http://politwitter.ca/user/earl_dreeshen,@earl_dreeshen
David Wilks,@electdavidwilks,Kootenay—Columbia,http://politwitter.ca/user/electdavidwilks,@electdavidwilks
Élaine Michaud,@emichaudNPD,Portneuf—Jacques-C,http://politwitter.ca/user/emichaudNPD,@emichaudNPD
Ève Péclet,@evepeclet,La Pointe-de-l'Île,http://politwitter.ca/user/evepeclet,@evepeclet
Françoise Boivin,@fboivinnpd,Gatineau,http://politwitter.ca/user/fboivinnpd,@fboivinnpd
Jean-François Fortin,@fortjf,Haute-Gaspésie—La,http://politwitter.ca/user/fortjf,@fortjf
François Pilon,@francoispilon,Laval—Les Îles,http://politwitter.ca/user/francoispilon,@francoispilon
Geoff Regan,@geoffregan,Halifax West,http://politwitter.ca/user/geoffregan,@geoffregan
Gordon Brown,@gordbrown,Leeds—Grenville,http://politwitter.ca/user/gordbrown,@gordbrown
Hoang Mai,@hoangmai_npd,Brossard—La Prairi,http://politwitter.ca/user/hoangmai_npd,@hoangmai_npd
Irene Mathyssen,@irenemathyssen,London—Fanshawe,http://politwitter.ca/user/irenemathyssen,@irenemathyssen
James Bezan,@jamesbezan,Selkirk—Interlake,http://politwitter.ca/user/jamesbezan,@jamesbezan
James Lunney,@jameslunneymp,Nanaimo—Alberni,http://politwitter.ca/user/jameslunneymp,@jameslunneymp
Jasbir Sandhu,@jasbirsandhu,Surrey North,http://politwitter.ca/user/jasbirsandhu,@jasbirsandhu
Jim Hillyer,@jimhillyer,Lethbridge,http://politwitter.ca/user/jimhillyer,@jimhillyer
Jim Karygiannis,@jimkarygiannis,Scarborough—Aginco,http://politwitter.ca/user/jimkarygiannis,@jimkarygiannis
Jinny Sims,@jinnysims,Newton—North Delta,http://politwitter.ca/user/jinnysims,@jinnysims
Joe Comartin,@joecomartin,Windsor—Tecumseh,http://politwitter.ca/user/joecomartin,@joecomartin
Joe Oliver,@joeoliver1,Eglinton—Lawrence,http://politwitter.ca/user/joeoliver1,@joeoliver1
John Weston,@johnwestonmp,West Vancouver—Sun,http://politwitter.ca/user/johnwestonmp,@johnwestonmp
Joyce Murray,@joycemurray,Vancouver Quadra,http://politwitter.ca/user/joycemurray,@joycemurray
Kennedy Stewart,@kennedystewart,Burnaby—Douglas,http://politwitter.ca/user/kennedystewart,@kennedystewart
Jason Kenney,@kenneyjason,Jeanne-Mance-Viger,http://politwitter.ca/user/kenneyjason,@kenneyjason
Laurin Liu,@laurinliu,Rivire-des-Mille-,http://politwitter.ca/user/laurinliu,@laurinliu
Leona Aglukkaq,@leonaaglukkaq,Nunavut,http://politwitter.ca/user/leonaaglukkaq,@leonaaglukkaq
Lisa Raitt,@lraitt,Halton,http://politwitter.ca/user/lraitt,@lraitt
Mark Strahl,@markstrahl,Chilliwack—Fraser ,http://politwitter.ca/user/markstrahl,@markstrahl
Charmaine Borg,@mpcharmaineborg,Terrebonne—Blainvi,http://politwitter.ca/user/mpcharmaineborg,@mpcharmaineborg
Dean Del Mastro,@mpdeandelmastro,Peterborough,http://politwitter.ca/user/mpdeandelmastro,@mpdeandelmastro
Eve Adams,@mpeveadams,Mississauga—Brampt,http://politwitter.ca/user/mpeveadams,@mpeveadams
Lois Brown,@mploisbrown,Newmarket—Aurora,http://politwitter.ca/user/mploisbrown,@mploisbrown
Mike Allen,@mpmikea,Tobique—Mactaquac,http://politwitter.ca/user/mpmikea,@mpmikea
Nathan Cullen,@nathancullen,Skeena—Bulkley Val,http://politwitter.ca/user/nathancullen,@nathancullen
Niki Ashton,@nikiashton,Nelligan,http://politwitter.ca/user/nikiashton,@nikiashton
Dennis Bevington,@nwtdennis,Western Arctic,http://politwitter.ca/user/nwtdennis,@nwtdennis
Nycole Turmel,@nycole_turmel,Hull—Aylmer,http://politwitter.ca/user/nycole_turmel,@nycole_turmel
Paulina Ayala,@paulinaayalaNPD,Honoré-Mercier,http://politwitter.ca/user/paulinaayalaNPD,@paulinaayalaNPD
Peter Braid,@peterbraid,Kitchener—Waterloo,http://politwitter.ca/user/peterbraid,@peterbraid
Pierre Nantel,@pierrenantel,Longueuil—Pierre-B,http://politwitter.ca/user/pierrenantel,@pierrenantel
Stephen Harper,@pmharper,La Peltrie,http://politwitter.ca/user/pmharper,@pmharper
Randall Garrison,@r_garrison,Esquimalt—Juan de ,http://politwitter.ca/user/r_garrison,@r_garrison
Robert Goguen,@robertrgoguen,MonctonRiverview,http://politwitter.ca/user/robertrgoguen,@robertrgoguen
Rod Bruinooge,@rodbruinooge,Winnipeg South,http://politwitter.ca/user/rodbruinooge,@rodbruinooge
Rodney Weston,@rodneywestonsj,Saint John,http://politwitter.ca/user/rodneywestonsj,@rodneywestonsj
Scott Brison,@scottbrison,Kings—Hants,http://politwitter.ca/user/scottbrison,@scottbrison
Sean Casey,@seancaseymp,Charlottetown,http://politwitter.ca/user/seancaseymp,@seancaseymp
Stéphane Dion,@stephanedion,Saint-Laurent—Cart,http://politwitter.ca/user/stephanedion,@stephanedion
Steven Fletcher,@stevenjfletcher,Charleswood—St. Ja,http://politwitter.ca/user/stevenjfletcher,@stevenjfletcher
Sylvain Chicoine,@sylvainchicoine,Châteauguay—Saint,http://politwitter.ca/user/sylvainchicoine,@sylvainchicoine
Tyrone Benskin,@tbenskin,Jeanne-Le Ber,http://politwitter.ca/user/tbenskin,@tbenskin
Ted Hsu,@tedhsu,Kingston and the Isl,http://politwitter.ca/user/tedhsu,@tedhsu
