name,id
A. Thophile DENTIOGUE,ece84db2-4081-4689-8ef2-1d5a67462e1c
Adama DERA,1e6ae311-0597-4b99-97e5-4d63ae86f255
Alfred KABOR,9dc6aebc-8641-437b-a6ba-3b93bc48a941
Amad TAHO,49de15cc-4892-4ba9-ab6a-51723547211d
Amadou DABO,fa8e3d8b-3719-4ad4-b1b5-967850ae2e99
Amadou HAMA,61b4cf32-6dcb-4fe2-ae2b-6582bb6d6ca9
Amidou Christophe BADINI,f8309c32-6aec-4c0a-883f-c1d7e9106e35
Assata SIDIBE,c4b79f47-b496-4193-9cde-b1017e2fc1d8
B. Sbastien ZABSONR,2124c4a7-c3e2-4e95-8be7-45f6fcd07ca8
Babor Grgoire BADO,867d8d98-0e94-487c-ba58-f5c3d264aab5
Bakary SR,d422401f-971c-4dcf-871d-f9bd62ad82db
Blaise KYELEM,567687fb-77de-478c-9c9a-6f0ac3865786
Blandine SAWADOGO,ef164ccd-1b78-4b2a-bed1-3039dcc48665
Bli Etienne GUE,3499da7a-be24-4445-b5e2-aa642f102ce5
Bonaventure OUDRAOGO,9e1427e9-35a1-4946-8783-06331e6300ca
BONGNESSAN Arsne YE,808a11e6-ef0b-4cea-a7ce-b9330a944d91
Cyril GOUNGOUGA,82848069-8fcd-4d43-9986-7e24e09f2c10
D. Juste LANKOAND,f187bbf0-d3cd-428f-8ec2-91e5c208d404
Dieudonn BONANET,56787652-7913-4379-ad2a-f450ca364491
Dimfangodo SAWADOGO,3a9925c7-91f6-4be3-88d5-52f77fc3a26e
Djjouma SANON,32bd8978-59ee-4a5e-88a8-b90ca66874f0
Dma Raphal BADO,14c6793b-3c27-4534-87ef-2c598350079d
Dr DIALLO Salifou,66f85a00-0521-4fd1-b503-7fe58d2fd4a8
Etienne TRAORE,9d9be184-7aa4-485c-b855-10bef39e84a6
Fidle HIEN,41421d87-b262-484e-8ab4-5aec2369231c
Fidle LANKOAND,a76d387f-a0ba-458b-83c0-4a1108dade71
Fidle OUI,b58e687b-9933-4f81-b2ed-43f022494a04
Fidle TO,a620ca8e-5623-47bb-b05c-112f8ef6b926
Gaspard BADOLO,5127e0df-6923-4d1a-b811-608fbb586355
H. Rasman COMPAOR,5a48b0f5-129e-4139-b52a-a7d3e2805eb4
H. Thodule DA,6b3ce459-7538-4ad0-8cba-1277054f19b6
Habata Marlne ZEBANGO,b22e9bf7-74ca-40f1-80a2-2f7e829cc226
Harouna MAGA,b801fd65-ea6a-4d20-a71b-e1145b87d8fc
Hyacinthe SANWIDI,e3aa8c4e-9bb3-4537-a111-30a26f985125
Idrissa Alfred SEKON,f7edb54b-572e-4bd9-b8eb-b9fcc5727200
Idrissa OUDRAOGO,c044b42a-7bf3-4882-b40c-338b32c94222
Idrissa TANDAMBA,8fca4b1b-fb41-4f9b-9e4e-ff58a21555f6
Jean-Baptiste YAMOGO,7c368a4d-4e2e-4f9f-bc20-dc1c9fe6405e
Joseph KABORE,241fae15-d676-4882-b713-d942d58a1b67
Josphine DRABO/KANYOULOU,f684e291-91fe-4ec2-94ce-b263cce47f71
K. Ernest SOULAMA,0d69e709-a824-47ec-a3ba-db8cecaa9d66
K. Madeleine BONZI,91cec41e-7c0d-49d3-a5fe-1df64e02ca12
K.M. Suzanne COULIBALY,fc18dce4-569a-4fb6-b186-11d23a904fcb
L. Bernard OUEDRAOGO,e4ec5694-7acb-430f-9b73-b250091b1778
Laleyan Sadou GOUEM,8925703b-b48d-4bf5-8f13-a67575c72b21
Larba YARGA,f8035d12-0503-473a-9267-1de391a1f3bf
M'P Augustin DEMBEL,1fc17d7b-27e3-42d1-a15c-d85945e903c3
M. AGALI Ag. Almaouna,3e172274-7377-4311-92f2-86707c955ddb
M. AOUE Ataouegue Joël,1e7c86aa-8281-4c69-b536-1db0641c5a4f
M. BA Saïdou,dcb74263-e6c3-4100-9dbd-da27f156ee23
M. BACYE Zilma,f37f18fe-b0be-4290-9740-3b3e11e00699
M. BADIARA Michel,bb2a18e6-aab0-43c3-bb84-de4843a75054
M. BADO Laurent,b2934d8d-9279-4084-86f7-8a7c3206a684
M. BAKYONO Bienvenue Ambroise,563a1e94-5b8b-45da-bc14-a6e602bcb1d4
M. BANGOU Yenignia,e26fa0ee-7ce8-4631-bea0-bff61e9223ca
M. BARRY Boukary,2f4f902e-999c-4360-a54d-9152a2b135ff
M. BARRY Boureima,4d955ecb-38e8-4279-b58d-ef9275c78929
M. BAZIE Anicet,33f5daa7-05ee-4dd2-9706-937ea4dd490f
M. BONKOUNGOU Issa Anatole,8ca91a83-09cd-4302-8535-7e3c8d0154a6
M. BONZI Tini,36bdceb7-6e70-4492-b7ab-4d730fa8ea3d
M. BOUGOUMA Boureima,c13f82d8-33d2-4675-bc48-f5f8af54b0ba
M. Christophe OUATTARA,6630d2ca-ad1c-4144-abeb-c6b6cff260a4
M. COMPAORE Gaoussou,08834fb1-c9d8-4d8d-9ea7-f4a28e39a602
M. CONGO Issaka,cd2f2a62-95db-4961-bee6-6a0ad8612801
M. COULIBALY Ladji,877aad7b-b666-4c59-bd94-1398c80d6341
M. COULIBALY Lomboza Narcisse,c5ede285-6530-4102-a129-1e3829f67d1d
M. DALA Blaise,b3b78432-dae6-40ff-b685-779a101a08cd
M. DIALLO Ahmed Aziz,c74cf48a-8905-41f1-b63b-1197be7afc62
M. DIALLO Mamadou,b71cf1d1-5a6a-49ab-a0d1-86d66607e4fd
M. DIALLO Ousmane,9900de5c-9d47-4458-8022-9a9c44cd81a2
M. DICKO Hama Moussa,b4a3225b-29ce-4265-9110-d0233551b452
M. DICKO Oumarou,1724d7f4-9d90-41c4-8c56-bca72a567ab8
M. GNOUMOU Dissan Boureima,64883749-93ee-47ef-9a31-792fed88bb8f
M. GONDE Lansina,aeb539f0-9038-4308-9da6-ac9cc6ad9a48
M. IDANI Oumarou,f5320e8a-b982-4fbd-9963-2f766de76176
M. KABORE Tibila,5da6a2ff-9fa8-42d7-b7dd-c19f94ee2fd3
M. KONATE Hervé,8fc6da94-6486-4534-8f2d-867707d23a02
M. KONE Maxime,351757a0-4309-42a6-8ccc-88c97b5f44b1
M. KORBEOGO/OUEDRAOGO Fatimata,1d65e40e-cf31-4097-842d-916685e78340
M. KOUAMA Koudwango Raphael,15ca575c-4552-4206-9a96-13c210bb5b07
M. KOUBIZARA Henri,3ba428f1-250c-4488-a4d2-75e50a930673
M. KOULDIATI Julien,b4f5e1da-f42d-4b64-80b7-e26688820b38
M. LANKOANDE Larba Ousmane,752e896b-a7de-4e0d-9c8a-92c4c61b07c3
M. Lankoandé Emmanuel,f527323d-4d1a-4557-9c95-a03c2f75ae75
M. LY Bassirou Karmadji,2822614c-7455-4767-ba1a-8f97a856b2c2
M. MOSSE Abdoulaye,6dac1243-33aa-42dc-a0cd-3982346aa207
M. NABIE Nimayé,c8de98b4-d182-42c7-bd7e-bd452838d65c
M. Nacro Ousmane,f59a9f51-503b-4384-a41f-72ff352cee68
M. NAMA Baoui,b7f407ea-dd76-4543-848a-1b959a366a20
M. NOMBRE Kirigahon Alphonse,4f71b2b3-8cba-427b-8954-7efed38e1fdb
M. ODAGOU Goulla,b6222623-0aec-4a32-b2f0-625f5596226f
M. OUATTARA Kourbié Modibeauh,551a0e28-ba21-405e-9a83-a7a046c71e15
M. OUATTARA Lassina,14a39576-dbe5-4d50-bda2-2fbb6d8b686c
M. OUEDRAOGO Abdou Rasmané,cc679d87-7eeb-4e3d-ae56-42a787091430
M. OUEDRAOGO Bachir Ismaël,0cf697fe-2447-4aaf-9118-f0191300f3c1
M. OUEDRAOGO Boubacar,3def65a7-7276-4c1f-8ed3-52b3e2312913
M. OUEDRAOGO Bébrigda Mathieu,8336520c-bcc9-484c-a446-ae297c2dabe8
M. OUEDRAOGO Jacob,a68a6c5b-594f-4e67-9f0b-0d7035fb5e5e
M. OUEDRAOGO Mathias,86145594-539b-462a-ad70-feac8f5b19be
M. OUEDRAOGO Michel,c3929be9-aa5c-45ac-8299-f80a4e4ca296
M. OUEDRAOGO Noufou,b9bbf1d6-e746-4ae4-a903-1472eead7dc1
M. OUEDRAOGO Ousmane,37cc7b80-e0ee-4269-9c90-a7e6298ff6fd
M. OUEDRAOGO Sayouba,9d3bf435-d25c-4c48-bb10-086d8c2ec308
M. OUOBA Bindi,69fa3996-3c19-45f1-93d4-75c93bfb9efb
M. OUSMANE Alpha,0ce40d1c-d31b-4bcc-98df-c00fddd9417d
M. PALENFO Kadjo Jacques,8f570a27-260a-4b26-a1b2-a678728412c9
M. POUBERE Salifou,9035dd44-9da9-4f3e-b151-e00e4f3615ea
M. SAKANDE Alassane Bala,131c0171-409d-45b4-a637-3b707329df87
M. SAMA Joseph,ff862a8e-c689-4139-914b-f214c0635ea4
M. SANDWIDI Kayaba,9082292f-8db4-42fa-bd38-76e29287491c
M. SANON Sangouan Léonce,3c4a91f9-2857-4d61-aeea-e5bf66603d21
M. SANOU Alfred,cc996262-659c-47aa-b4ef-c48aec47734a
M. SAVADOGO Lassané,0ee70c3d-0a25-4e0f-87ff-7b1b57dead0e
M. SAVADOGO Paul Windinpsidi,ceca2d25-0c9e-4f3c-8831-9ac87e184ea5
M. SAWADOGO Blaise,7e28a8a7-1d88-4779-a863-dd59b061b1bd
M. SAWADOGO Emmanuel Koti,e8ce801a-8148-4a4f-8ce2-ee6ba4e6d668
M. SAWADOGO Rasmané Daniel,dc9a454d-440c-4cc8-95d1-923f60c02fb5
M. SAWADOGO Salifou,5d81b47d-0297-47bb-80bc-31c1c31c0e6e
M. SAWADOGO Windyellé,947f0e31-1778-4e2a-bd0a-4d9eaca9f560
M. SIB BEBE JUSTIN,a1449bbb-8638-4cda-8e37-6b31946af735
M. SIMBORO Daouda,9366ff48-0a64-4433-8c25-1bf4462fdd2e
M. SIRIMA Bissiri,fb8db2b5-3e48-4823-bc75-be081543db05
M. SOME Norbert,3c68ce7b-76d1-4f44-bdee-8cf4c1aebd94
M. SOME Tougniné Anselme,b3963475-50ce-49fa-b8c3-db1a276bac6c
M. SORGHO Dieudonné,0c9a862e-7884-41e0-9471-ee14b49a400e
M. TAMBOURA Ousséni,0c246bc1-2d63-423b-a7ea-db85b6b41e28
M. TAONDYANDE Fréderic Benoît,b87b98c7-01c9-42ea-88df-d67720240340
M. TAPSOBA Alexandre Siguian Ousman,83b636f0-392b-498a-92f4-b7fe8f396fb2
M. TAPSOBA Tibo Jean Paul,e5ef54b3-3621-472e-9e98-a40a8bfd38cb
M. THIOMBIANO Dramane Ludovic Parfait,f875cab9-c11f-42aa-bbfc-98e7ac6d7e8e
M. TIEMTORE Salifo,5e54f4a1-143f-4d57-8353-132c986d2b33
M. TINDANO Moussa,90d047c1-a25f-49e6-8190-be5b032d1d15
M. TOE Goakûn Rossan Noël,6266ee8f-93ae-4848-b786-0adfd92a2d81
M. TRAORE Désiré,4391dff4-6576-4e12-b6a4-230a8105550c
M. YAMEOGO Winmanagré Saïdou,c92f78e4-3317-4f1b-8f25-6d0e55330a67
M. YE Luc,dc385166-bb80-4610-a444-e7f4a292d133
M. ZAGRE Léonce,7555cbd3-2180-49e6-97df-051f68ce5895
M. ZERBO Moussa,01cef571-4b10-40fe-a78b-de813948ead5
M. ZOMBRE André,ebaa4037-ee63-43dd-b8dd-b511f7ecd831
M. ZOUNGRANA Marc,ed29ba92-7bc4-44c8-8765-83f3f30f1526
M. ZOUNGRANA Yahaya,4f45e9a0-61dc-4879-9eda-1aad76a35aa0
Mahama SAWADOGO,c55ff014-83cb-406f-a802-496e18b58e8a
Mme BASSOLE/KANDO ROSALIE,a08ec5fc-63a7-4b86-9813-2d44b344e131
Mme BONKOUNGOU/YAMEOGO Juliette,032d46d6-fee6-4ca5-b3f9-5cdf31d98388
Mme COMPAORE / KONDITAMDE ROSE MARIE,257f034f-17c7-4d15-96dc-41b611ac4f2d
Mme DIENDERE/DIALLO FATOUMATA,fd588ad1-0cf4-4a1f-9062-86bce32f84b4
Mme DOAMBA BENJAMINE,e463f8d7-1c2e-4ffc-a650-97288d8d698b
Mme DRABO/OUEDRAOGO ZENABOU,d65bc056-6fe1-41ec-b2b5-2eaf2e455be8
Mme FOFANA / YAMEOGO Assétou,3770efe1-ee8f-463b-8657-5f457975fe34
Mme GUIGMA /DIASSO MARIAM MARIE GISÈLE,73808861-ee83-4325-a5dc-d30ee4538676
Mme GUIGMA/NASSA MARIE CLAIRE,947ee7a3-4af3-406c-834e-788c51b6cb9f
Mme HIEN/KIENOU ASSATA,7eac9276-158c-4a1f-ab35-f518a9410623
Mme ILBOUDO/MARCHAL Hélène Marie Laurence,4ee092f9-0066-48ef-9a1b-c10333f1d4d6
Mme ILBOUDO/ZIDA ROSE,eaa8901e-0e41-4147-8655-61478df99c34
Mme KADIDIATOU BOYE,8a3c65d3-9662-43e4-8887-5e56a11df53a
Mme KONATE/OUATTARA Zignodo Dite Salamata,fe3c5fb0-d99e-4db9-bbf7-c94b938e655e
Mme KOTE/MANA HAWA,1f851198-6579-45f1-b5b1-da1b84d1cf87
Mme KOUMARE/OUILLIO ZALISSA,1d3188ae-46f3-4bed-aa73-c07db558027e
Mme KYEMTORE/KAMBOU YERI ADELE,6c0414cb-364b-4f73-97da-3ee8ea7cfcf3
Mme NARE/OUBDA FRANCELINE,97b6995c-8c73-4deb-a112-43786c0b0508
Mme OUATTARA /DAH ALIMATA,f3180c1c-8913-46ba-8504-ec31d6783b34
Mme OUATTARA SITA,d79ad731-5d8b-4f1d-94bd-f0986eb1d5b3
Mme OUEDRAOGO / ZARE MYRIAM,46c0dde5-3b3f-4921-becf-29d1ab869c12
Mme OUEDRAOGO CATHERINE,d41bcc8c-92da-4db1-8d26-90e3e61d700f
Mme OUEDRAOGO Marie Rose Romée,48008e29-1ab5-456e-9b85-706d02c95a1e
Mme OUEDRAOGO/NEBIE MARIAM,52d289a0-815f-43b3-afe8-cdb0cfe84404
Mme OUEDRAOGO/SAWADOGO Maïmouna,93b24ccf-5499-47fc-b720-a6f8b90cfe4f
Mme OUEDRAOGO/ZONGO Marie Isabelle,6fdbb577-6e1a-445a-9765-a3afe151b254
Mme ROUAMBA Workya,4c7ba643-a5d4-4b61-8151-16f668ad8f6b
Mme SAKANDE/BENAO Kaboubié Reine,f3956e1a-a722-457c-b50a-6254160f5731
Mme SAWADOGO Honorine Winnégoundi,e6ccd196-45df-4fe5-a8c6-fab6cb6d836d
Mme TAMINI/BIHOUN B. PASCALINE,baca94c9-de0f-4dac-8a2c-a978eceba0f3
Mme THIEMOUNOU ASSITA VINAMA,a2cf5a4f-9a27-4793-990b-34a922329f1e
Mme TRAORE/NIGNAN/YAGO PAULINE,0e845840-c8b1-4a6e-a8b6-8120c6594797
Mme WANDAOGO/DJENGANE AMINATA,f48df849-1a1c-462b-a923-c1ab59f2becd
Mme ZONGO/YANOGO Karidia,9b06806a-06f0-4c47-8380-7a0399965c91
Mme ZOUMBARE/ZONGO Henriette,2977e9c5-76b4-4da6-b730-c7185055636c
Mr ABDOULAYE AMADOU,f202c64a-fd00-4c73-8467-3fccf94ec014
Mr ABGAS ARMAND JEAN ROBERT,7ce8fc64-6f94-4a51-a009-b0f26435df36
Mr BADINI BOUREIMA,db312dc3-79d2-430b-acb9-5bdb5e33bb26
Mr BAMOGO LALLO HAMADO,3022c57d-a38c-41cd-b76c-d90c299b49fe
Mr BARRO SALIFOU,5013d768-2979-4f87-b6e2-2868ab46094f
Mr BARRY ISSA,ed4eaf52-f4a5-4513-bce9-1f883d675ee7
Mr BASSIERE BATIO NESTOR,18a2eec2-2c25-49a1-bc5a-ed4c7caf1fc0
Mr BASSONO JEAN,a7d37bfb-1382-4124-85ea-955437f5d8da
Mr BAYIRE HAROUNA,66d6413d-a9f2-439c-ae09-82e3d0d08af2
Mr BELEM SIDIKI,b899724f-89b6-4151-842c-5128f0ce1c41
Mr BEMBAMBA OUSMANE,819a964f-6cc1-4602-bd04-848ba2a5b6f2
Mr BENON MAMADOU,f30bf6ba-4e8e-45c3-b091-4038b5b57703
Mr BOUDA CHRISTIAN GUSTAVE,e19c0f45-4c52-4004-8ee8-b9a9c0c13113
Mr COMPAORE JEAN LEONARD,143da7bf-d822-4ecb-a451-8559379e0531
Mr COMPAORE JEROME,809c8c31-d1a0-4bfd-bf85-1493432edea9
Mr COMPAORE JUSTIN,77276b2f-cd6b-4da6-a6fe-9b442c7096b9
Mr COULIDIATI INNOCENT,cac9db39-ca2d-4278-8f66-7c85861b4f4b
Mr DABILGOU VINCENT TIMBINDI,90ae112b-d148-479f-8ed8-be3158c68814
Mr DABIRE BONOUDABA,3d953856-d295-4581-9b29-e59694e68e33
Mr DABIRE NABA,531fb3dc-136e-485b-af22-e1222d5814d1
Mr DAH KOUMBATERSSOUR NICOLAS,c98c08d9-951b-4208-86f1-20a54d4b24e5
Mr DALA JEAN BAPTISTE,8c980340-bec0-46cb-8178-32b0396cf920
Mr DAYAMBA DAHANLI FRANÇOIS,adb95d3e-b253-46f9-a322-2e281cff075e
Mr DERME SALAM,7688decb-15f7-4d41-af63-add51d4edd29
Mr DIALLO HAMA ARBA,eecc837e-115d-4d4c-9542-687248289ce3
Mr DIARRA BARTHELEMY,2c46218f-dea5-422c-8c1d-48fd4e195e65
Mr DIASSO MOHAMED MALAKILO,f6a0acef-3226-4c6f-a243-626a57c61ad5
Mr DICKO MAMOUDOU HAMA,3845b901-c66c-4548-9735-58a9afd0b8f4
Mr IDO ALITOU,eb31f6d4-aa53-49f6-bfd8-b717730b7575
Mr KABORE ALEXIS,8bcddbe4-3729-4395-ad73-608daf103276
Mr KABORE PATE JEAN CLAUDE,a28a00ee-04c5-4009-8abb-69baddd68eec
Mr KAFANDO FELIX BRUNO,7ebf0478-132f-456b-adc4-b7a94440cadd
Mr KAGONE HAMADE,ade7d57a-3036-4f72-af88-7c2fed40cb7c
Mr KARFO KAPOUNE,ed2d6d4b-2eff-4788-8948-5d3868d10d4d
Mr KEITA ADAMA,ca309bd5-f80b-4554-9130-351a855f82af
Mr KIEMDE R. ALBERT ELISEE,ecbc1ce7-afaf-47fd-8733-b1bebbe71fe5
Mr KOMBOIGO WEND-VENNEM EDDIE CONSTANCE HYACINTHE,cbe0a816-2f5a-4e58-ac3a-73f0f14be807
Mr KONE IBRAHIMA,493ace5e-3d8f-4999-b58e-65fcd5b52bad
Mr KONE LEONCE SIMEON MARTIN,9e97ae7b-3c2d-465d-bc73-79861ef31cb7
Mr KOUSSOUBE BOYO JEAN CELESTIN,339b6f93-4d82-43cc-a087-569665e222bf
Mr LANKOANDE FOLGA ILDEVERT,f13bfab8-5433-4144-920f-1ecb31dbee3c
Mr LOMPO KOUROUBOUNDOU RENE,13cab322-9f36-418c-96c4-2768a7679872
Mr MAIGA ISSIAKA BOUKARI,97ae5183-07f9-4c3f-b746-4e8b1cbdfd9a
Mr NABOHO KANIDOUA,9cbc8786-34e7-4fcc-9bdc-f5e2a993c88b
Mr NANA AMADO MICHEL,ebb8207c-276f-42af-9286-164d32e6e884
Mr NIKIEMA DENIS,7d243f69-a7a9-407b-b18d-53e425d6ac47
Mr ONADJA KANFIDO,6e5cda67-70fd-49b8-88c1-825183d5b981
Mr OUALI MIHYEMBA LOUIS ARMAND,c70c8bae-810d-4455-8ae4-25a15ef33da2
Mr OUATTARA LONA CHARLES,9774507c-914b-40e4-a2e7-84d023d33125
Mr OUATTARA SOUNGALO APPOLINAIRE,9a1019a2-691c-4d00-9393-47f63432d151
Mr OUEDRAOGO / SERE KORTIMI,46b9d4f0-adf1-42f3-8453-43dc125cd8d8
Mr OUEDRAOGO ABLASSE,9f8046fc-cfb8-4275-bf13-8a8fe46ed511
Mr OUEDRAOGO AMADOU,538ded51-05eb-477d-8a6c-22ba0add6612
Mr OUEDRAOGO BOUREIMA,32cf342f-cae7-45eb-be1d-b21d2565165b
Mr OUEDRAOGO EMILE,a9e7e41c-e839-40f8-a8a0-956e3f5d270c
Mr OUEDRAOGO GILBERT NOËL,7b8f6b7b-eb79-4e89-bf0e-c007d991f0b5
Mr OUEDRAOGO NABONSWENDE,83e84bf6-1e89-4e6c-b7ed-6a50903011a7
Mr OUEDRAOGO RASMANE,bae83f99-f8d2-4821-ac1d-f32d478ae341
Mr OUEDRAOGO SALFO THEODORE,940b135f-7adf-462a-b38b-afdfabcdef79
Mr OUEDRAOGO YINSBILA CHRISTOPHE,ccc55282-5f57-4045-bd37-24cda3ff1eab
Mr OUOBA BENOIT BENDI,b33df37e-f903-4a89-b942-017e6bd5e9df
Mr POODA OLLO ANICET,2aeceebe-c649-4260-8f1e-96155b5029d0
Mr SABDANO PARIMANI,e131b968-f364-4f2c-aebf-02420755d700
Mr SAMBARE PALGUIM,5fd67c57-cb0b-4315-a2a5-7d828341049b
Mr SANFO HALIDOU,22ecb21b-cae8-43d3-83e0-208163725c8a
Mr SANKARA BENEWENDE STANISLAS,3d074c56-c8d2-4819-ab1e-144461d2eafb
Mr SANKARA JEREMIE ALEXANDRE GUESSOUINDE,4cc4ef4d-e699-46e7-a3bc-76d92fd85472
Mr SANNOU BOUBACAR,40931e91-23c6-460c-b1dd-50309b874a30
Mr SANOGO DRISSA,250ae274-2182-4be8-95ea-231505c36490
Mr SANON AMADOU,130e2917-b32b-45e9-b7ab-d9ed310249fc
Mr SAVADOGO YACOUBA,da7bb30d-af4f-4357-a74a-80dd4e5b3586
Mr SAWADOGO DIEUDONNE,df9ed457-0771-4f6f-b636-5cdc8b136346
Mr SAWADOGO ZAMBENDE THEODORE,efb72ac7-7057-4192-a591-dadb67b1911b
Mr SEDOGO LAURENT GOUINDE,f958ec20-2a6d-401c-8082-d5474c3001b3
Mr SEGDA BILA GERARD,e792fb50-f58f-45ba-bdd9-2fccebee8812
Mr SOME N'GOUMMION BERNARD,c7abbfbc-e677-4b55-aefb-d970715803d8
Mr SOME OLLO FERDINAND,0255041b-d8e9-4b39-b3ac-0f6e945e2c40
Mr SORGHO TARBALA VICTOR,4bad86e8-692d-4de4-9e90-2d623bbab14d
Mr SOSSO ADAMA,08783901-29db-4492-907a-bce0cf9d0f0b
Mr SOURWEMA NOEL,3d88b402-cc8b-46f9-8ca7-b0122e1d7a75
Mr TAMBOURA HAMADOUM,be2cfe53-7491-4ca2-8614-f71bdedf4c94
Mr TAPSOBA ACHILLE MARIE JOSEPH,5ab900e2-83fb-4e5f-949b-73c54cfcb767
Mr TARBAGDO BENJAMIN,16d953a9-b572-4264-b7b4-cb0a6f45fda8
Mr THIOMBIANO ADIOUMA IDRISSA,34101b6c-74ed-4b6d-a93c-8411077d8e7a
Mr THIOMBIANO MICHEL,6f6670ec-9fd2-4995-9207-5f2ecc9440e1
Mr TIEMTORE W. ZACHARIA,d9f9222c-6cf3-44ee-9029-f8f80007c533
Mr TIENDREBEOGO VICTOR,a5f61e57-a059-4ea1-b14b-d07793827219
Mr TRAORE ADAMA,8e5cc51b-b58d-49c6-86c7-d16690b78b62
Mr TRAORE AMADOU,1ea8f2e5-3369-4b9d-8d99-f1bde99aa6e5
Mr TRAORE DJINGRI,68e358aa-df0a-4413-8df7-c44bdeacd5e9
Mr TRAORE KASSOUM,814860cb-3d0e-4a42-8fe5-942c86c148d6
Mr TRAORE LACOMI LORCENDY,7a6f65d1-18e9-4c71-8fb6-fdc519485494
Mr TRAORE MELEGUE,f69b19cd-419d-4370-8c3f-cc0d7de4bb8d
Mr TRAORE PIERRE,6edb9e2b-8ca5-4246-866c-c55ae46d1793
Mr TRAORE SABABENEDYO ALFRED,4e3a045f-0d70-4c61-aa11-09dfa8f0a8a1
Mr YAGUIBOU BOUBA,040ee2b0-4d99-4117-bc2b-9c167725289e
Mr YAMEOGO BENJAMIN,cb1f6497-1f70-48b3-a925-7a96ee0d0ddd
Mr YAMEOGO RABI,73f96e65-33d5-41ca-8e55-e705dde6cf8b
Mr YAMEOGO TANDAOGO JEAN HUBERT,ea84d565-8515-45ef-abe3-dacc16bd21f8
Mr YODA BEDOUMA ALAIN,30424fa7-799a-4844-be9b-bd8a54b770ab
Mr ZERBO SIBIRI dit MATHIAS,91dad954-c833-409f-a0af-6381c67911fa
Mr ZONGO OUANGO SYLVAIN,d7a8acaa-2a16-48b8-882c-8b9021806425
Mr ZOURE JEAN CELESTIN,6d38f46e-31c6-443f-ac42-00c8967bd1e2
Nazi BANI,272f6b38-747e-4bad-8b6c-271163204d81
Nbili Franois BADOLO,e9dc8a8a-c755-4f89-9c3c-e9dfe448e3a5
Niquibo FANCANI,a12e3553-3345-4cf2-9b9c-6859ab78c211
Nouhoun BARRY,db576203-d48c-4390-a6b7-949a6a912faa
O. Franois OUEDRAOGO,ef75f612-6412-41de-be19-ed2df1e92ed6
Oubkiri YAO,46f492ac-8470-426c-92d0-7a7a5e1bf9be
Oussina MIKHALOU,492a32c4-b5a6-4bcb-bfca-aeec434f8492
Philippe OUEDRAOGO,ece7f337-b07c-405d-b024-96a66edd7350
Pierre TAPSOBA,02f77081-9f13-4bcb-90f1-797db06d66f8
Pissi MASSIMBO,dc1e05a7-cf8a-45aa-b46a-520273860064
R. Joanny ZONGO,353fcf99-6957-4519-9144-aa29585fc80e
Ram OUEDRAOGO,bd071007-9795-46ce-a2fa-bc3a28994aff
Ramata DIALLO,ecb4a257-730d-419a-9ee1-8eb1e188386a
Rn Emile KABORE,5e551b30-dd18-49f6-9063-a25552678c6a
Roch KABORE,0f18af63-3632-44ce-8ea6-160513b09f5a
Sadou KABOR,9c0efb06-eae1-448d-bc53-0a00bfb09cb0
Salif OUDRAOGO,a34751a3-f98d-403d-9526-0eac8a74bdbd
Salvador YAMEOGO,ed119874-f38c-4bb5-baaf-6be2147ef9b0
Sansan Lucien KAMBIR,7f034467-9ab4-41e1-b39c-95dc63757642
Saran SERE/SEREME,e2d7b5b5-fe4e-4b5f-8515-fce9c64eca78
Sayouba GUIRO,64fb1060-9101-496e-906d-11926ba4b399
Sbastien OUEDRAOGO,34068e69-59d1-4457-b493-9e4b592636de
Si Pascal KAMBOU,3cedc22e-c1f2-4b32-9335-c4b9a53942b2
Sibiri Dval MILLOGO,c9edd370-3da3-405f-91e1-71f70213f0ff
Simon SAWADOGO,72293aba-20a0-4bb2-8e5c-beb039de3f96
Soma BARO,4430fe6d-a112-49fe-8b82-3eba7cabbabf
Soumane TOUR,db503bed-444d-4ca1-858a-4bd946910ec2
T. Abel COULIBALY,eed2ee7a-89ed-43c2-b0ce-2ca2de4ec003
T. Abel LOMPO,ecf709c6-fae6-4a23-a1e3-a392055819bb
T. Bernard NABARET,58b8844d-7758-44c5-a0f3-2278aeb2561a
T. Boniface ZANGO,85ed1b1b-8225-40ad-8af8-ccd2abc6ac63
T. Patrice DIESSONGO,d9e77ff9-769d-439d-b98b-e05d6d4c1400
Tahr OUEDRAOGO,cd25c6a2-b382-4ab4-b5fa-ab36f6bb2653
W. Stphane SANOU,59732f4e-30c9-4ffe-ba47-f4d7d095085b
Y. Boukari MOGMENGA,7747974e-53b4-44e8-9f50-1c3868f51eb3
Y. Viviane COMPAOR,23ea5c2e-9b7b-43ce-989d-27a7a6c07579
Yamba Malick SAWADOGO,cabf0132-1f75-4598-9d04-5a640f17cd69
Yamba Malik SAWADOGO,8176cec4-6f40-4615-bce8-3c1d9f186bda
Yonl Kisito SOM,d65af2d6-530d-48a6-a7dd-a3a2bc035e7f
